Kingdom	Phylum	Class	Order	Family	Genus	Species
seq_1	Bacteria	Bacteroidetes	Bacteroidia	Bacteroidales	Bacteroidaceae	Bacteroides	vulgatus
seq_2	Bacteria	Firmicutes	Clostridia	Clostridiales	Lachnospiraceae	Pseudobutyrivibrio	NA
seq_3	Bacteria	Firmicutes	Clostridia	Clostridiales	Ruminococcaceae	Faecalibacterium	NA
seq_4	Bacteria	Firmicutes	Clostridia	Clostridiales	Ruminococcaceae	Faecalibacterium	NA
seq_5	Bacteria	Firmicutes	Clostridia	Clostridiales	Ruminococcaceae	Faecalibacterium	prausnitzii
seq_6	Bacteria	Bacteroidetes	Bacteroidia	Bacteroidales	Bacteroidaceae	Bacteroides	massiliensis
seq_7	Bacteria	Bacteroidetes	Bacteroidia	Bacteroidales	Prevotellaceae	Prevotellaceae_NK3B31_group	NA
seq_8	Bacteria	Firmicutes	Clostridia	Clostridiales	Ruminococcaceae	Subdoligranulum	NA
seq_9	Bacteria	Proteobacteria	Betaproteobacteria	Burkholderiales	Alcaligenaceae	Parasutterella	excrementihominis
seq_10	Bacteria	Bacteroidetes	Bacteroidia	Bacteroidales	Bacteroidaceae	Bacteroides	uniformis
seq_11	Bacteria	Bacteroidetes	Bacteroidia	Bacteroidales	Bacteroidaceae	Bacteroides	stercoris
seq_12	Bacteria	Firmicutes	Clostridia	Clostridiales	Ruminococcaceae	Ruminiclostridium_6	NA
seq_13	Bacteria	Bacteroidetes	Bacteroidia	Bacteroidales	Bacteroidaceae	Bacteroides	uniformis
seq_14	Bacteria	Bacteroidetes	Bacteroidia	Bacteroidales	Bacteroidaceae	Bacteroides	NA
seq_15	Bacteria	Firmicutes	Clostridia	Clostridiales	Lachnospiraceae	Incertae_Sedis	NA
seq_16	Bacteria	Firmicutes	Clostridia	Clostridiales	Lachnospiraceae	Lachnospira	NA
seq_17	Bacteria	Bacteroidetes	Bacteroidia	Bacteroidales	Bacteroidaceae	Bacteroides	NA
seq_18	Bacteria	Bacteroidetes	Bacteroidia	Bacteroidales	Bacteroidaceae	Bacteroides	NA
seq_19	Bacteria	Firmicutes	Clostridia	Clostridiales	Ruminococcaceae	Subdoligranulum	NA
seq_20	Bacteria	Firmicutes	Negativicutes	Selenomonadales	Acidaminococcaceae	Phascolarctobacterium	faecium
seq_21	Bacteria	Bacteroidetes	Bacteroidia	Bacteroidales	Porphyromonadaceae	Parabacteroides	merdae
seq_22	Bacteria	Bacteroidetes	Bacteroidia	Bacteroidales	Rikenellaceae	Alistipes	putredinis
seq_23	Bacteria	Bacteroidetes	Bacteroidia	Bacteroidales	Bacteroidaceae	Bacteroides	NA
seq_24	Bacteria	Firmicutes	Clostridia	Clostridiales	Lachnospiraceae	Incertae_Sedis	NA
seq_25	Bacteria	Bacteroidetes	Bacteroidia	Bacteroidales	Porphyromonadaceae	Parabacteroides	distasonis
seq_26	Bacteria	Bacteroidetes	Bacteroidia	Bacteroidales	Bacteroidaceae	Bacteroides	caccae
seq_27	Bacteria	Verrucomicrobia	Verrucomicrobiae	Verrucomicrobiales	Verrucomicrobiaceae	Akkermansia	muciniphila
seq_28	Bacteria	Firmicutes	Clostridia	Clostridiales	Lachnospiraceae	Roseburia	inulinivorans
seq_29	Bacteria	Firmicutes	Negativicutes	Selenomonadales	Veillonellaceae	Dialister	invisus
seq_30	Bacteria	Bacteroidetes	Bacteroidia	Bacteroidales	Porphyromonadaceae	Barnesiella	intestinihominis
seq_31	Bacteria	Bacteroidetes	Bacteroidia	Bacteroidales	Bacteroidaceae	Bacteroides	vulgatus
seq_32	Bacteria	Bacteroidetes	Bacteroidia	Bacteroidales	Bacteroidaceae	Bacteroides	NA
seq_33	Bacteria	Bacteroidetes	Bacteroidia	Bacteroidales	Bacteroidaceae	Bacteroides	NA
seq_34	Bacteria	Firmicutes	Clostridia	Clostridiales	Ruminococcaceae	Ruminococcus_2	bromii
seq_35	Bacteria	Firmicutes	Clostridia	Clostridiales	Ruminococcaceae	Faecalibacterium	NA
seq_36	Bacteria	Proteobacteria	Deltaproteobacteria	Desulfovibrionales	Desulfovibrionaceae	Bilophila	wadsworthia
seq_37	Archaea	Euryarchaeota	Methanobacteria	Methanobacteriales	Methanobacteriaceae	Methanobrevibacter	NA
seq_38	Bacteria	Firmicutes	Clostridia	Clostridiales	Lachnospiraceae	Pseudobutyrivibrio	NA
seq_39	Bacteria	Firmicutes	Clostridia	Clostridiales	Lachnospiraceae	Lachnoclostridium	NA
seq_40	Bacteria	Firmicutes	Clostridia	Clostridiales	Ruminococcaceae	Subdoligranulum	NA
seq_41	Bacteria	Firmicutes	Clostridia	Clostridiales	Ruminococcaceae	Ruminococcus_1	NA
seq_42	Bacteria	Firmicutes	Clostridia	Clostridiales	Lachnospiraceae	Lachnoclostridium	NA
seq_43	Bacteria	Bacteroidetes	Bacteroidia	Bacteroidales	Bacteroidaceae	Bacteroides	NA
seq_44	Bacteria	Firmicutes	Clostridia	Clostridiales	Ruminococcaceae	Ruminococcaceae_UCG-002	bacterium
seq_45	Bacteria	Firmicutes	Clostridia	Clostridiales	Lachnospiraceae	[Eubacterium]_ventriosum_group	NA
seq_46	Bacteria	Firmicutes	Clostridia	Clostridiales	Lachnospiraceae	Fusicatenibacter	saccharivorans
seq_47	Bacteria	Firmicutes	Clostridia	Clostridiales	Lachnospiraceae	Lachnospiraceae_UCG-005	NA
seq_48	Bacteria	Actinobacteria	Actinobacteria	Bifidobacteriales	Bifidobacteriaceae	Bifidobacterium	NA
seq_49	Bacteria	Firmicutes	Clostridia	Clostridiales	Ruminococcaceae	Ruminococcaceae_NK4A214_group	NA
seq_50	Bacteria	Proteobacteria	Deltaproteobacteria	Desulfovibrionales	Desulfovibrionaceae	Desulfovibrio	NA
seq_51	Bacteria	Bacteroidetes	Bacteroidia	Bacteroidales	Porphyromonadaceae	Barnesiella	NA
seq_52	Bacteria	Firmicutes	Clostridia	Clostridiales	Lachnospiraceae	Lachnospiraceae_NK4A136_group	NA
seq_53	Bacteria	Bacteroidetes	Bacteroidia	Bacteroidales	Bacteroidaceae	Bacteroides	NA
seq_54	Bacteria	Firmicutes	Clostridia	Clostridiales	Ruminococcaceae	Faecalibacterium	prausnitzii
seq_55	Bacteria	Firmicutes	Clostridia	Clostridiales	Lachnospiraceae	Blautia	wexlerae
seq_56	Bacteria	Firmicutes	Negativicutes	Selenomonadales	Acidaminococcaceae	Phascolarctobacterium	NA
seq_57	Bacteria	Firmicutes	Erysipelotrichia	Erysipelotrichales	Erysipelotrichaceae	Erysipelatoclostridium	ramosum
seq_58	Bacteria	Bacteroidetes	Bacteroidia	Bacteroidales	Rikenellaceae	Alistipes	shahii
seq_59	Bacteria	Firmicutes	Erysipelotrichia	Erysipelotrichales	Erysipelotrichaceae	Catenibacterium	mitsuokai
seq_60	Bacteria	Proteobacteria	Betaproteobacteria	Burkholderiales	Alcaligenaceae	Sutterella	NA
seq_61	Bacteria	Firmicutes	Clostridia	Clostridiales	Family_XI	Anaerosalibacter	NA
seq_62	Bacteria	Firmicutes	Clostridia	Clostridiales	Ruminococcaceae	Oscillibacter	NA
seq_63	Bacteria	Bacteroidetes	Bacteroidia	Bacteroidales	Bacteroidaceae	Bacteroides	eggerthii
seq_64	Bacteria	Firmicutes	Clostridia	Clostridiales	Lachnospiraceae	Lachnospira	NA
seq_65	Bacteria	Firmicutes	Clostridia	Clostridiales	Ruminococcaceae	Ruminococcaceae_UCG-013	NA
seq_66	Bacteria	Firmicutes	Clostridia	Clostridiales	Christensenellaceae	Christensenellaceae_R-7_group	NA
seq_67	Bacteria	Firmicutes	Clostridia	Clostridiales	Ruminococcaceae	[Eubacterium]_coprostanoligenes_group	NA
seq_68	Bacteria	Firmicutes	Clostridia	Clostridiales	Ruminococcaceae	Ruminiclostridium_9	NA
seq_69	Bacteria	Firmicutes	Clostridia	Clostridiales	Ruminococcaceae	Ruminiclostridium	NA
seq_70	Bacteria	Firmicutes	Clostridia	Clostridiales	Lachnospiraceae	Blautia	NA
seq_71	Bacteria	Firmicutes	Clostridia	Clostridiales	Peptostreptococcaceae	Intestinibacter	bartlettii
seq_72	Bacteria	Firmicutes	Clostridia	Clostridiales	Ruminococcaceae	Ruminococcaceae_UCG-002	NA
seq_73	Bacteria	Firmicutes	Clostridia	Clostridiales	Lachnospiraceae	Blautia	faecis
seq_74	Bacteria	Firmicutes	Clostridia	Clostridiales	NA	NA	NA
seq_75	Bacteria	Firmicutes	Clostridia	Clostridiales	Ruminococcaceae	[Eubacterium]_coprostanoligenes_group	NA
seq_76	Bacteria	Firmicutes	Clostridia	Clostridiales	Lachnospiraceae	Lachnospiraceae_UCG-004	NA
seq_77	Bacteria	Proteobacteria	Gammaproteobacteria	Enterobacteriales	Enterobacteriaceae	Escherichia/Shigella	NA
seq_78	Bacteria	Firmicutes	Clostridia	Clostridiales	Lachnospiraceae	Lachnospiraceae_UCG-005	NA
seq_79	Bacteria	Bacteroidetes	Bacteroidia	Bacteroidales	Porphyromonadaceae	Butyricimonas	virosa
seq_80	Bacteria	Firmicutes	Clostridia	Clostridiales	Lachnospiraceae	Lachnoclostridium	NA
seq_81	Bacteria	Firmicutes	Clostridia	Clostridiales	Lachnospiraceae	Lachnospira	NA
seq_82	Bacteria	Firmicutes	Clostridia	Clostridiales	Lachnospiraceae	Lachnoclostridium	NA
seq_83	Bacteria	Proteobacteria	Betaproteobacteria	Burkholderiales	Alcaligenaceae	Parasutterella	NA
seq_84	Bacteria	Bacteroidetes	Bacteroidia	Bacteroidales	Bacteroidaceae	Bacteroides	ovatus
seq_85	Bacteria	Bacteroidetes	Bacteroidia	Bacteroidales	Prevotellaceae	Paraprevotella	NA
seq_86	Bacteria	Firmicutes	Clostridia	Clostridiales	Ruminococcaceae	Ruminococcaceae_UCG-003	NA
seq_87	Bacteria	Bacteroidetes	Bacteroidia	Bacteroidales	Rikenellaceae	Alistipes	NA
seq_88	Bacteria	Firmicutes	Clostridia	Clostridiales	Caldicoprobacteraceae	Caldicoprobacter	NA
seq_89	Bacteria	Bacteroidetes	Bacteroidia	Bacteroidales	Bacteroidaceae	Bacteroides	NA
seq_90	Bacteria	Bacteroidetes	Bacteroidia	Bacteroidales	Porphyromonadaceae	Parabacteroides	NA
seq_91	Bacteria	Firmicutes	Clostridia	Clostridiales	Ruminococcaceae	Flavonifractor	plautii
seq_92	Bacteria	Bacteroidetes	Bacteroidia	Bacteroidales	Porphyromonadaceae	Coprobacter	fastidiosus
seq_93	Bacteria	Firmicutes	Clostridia	Clostridiales	Ruminococcaceae	Ruminococcaceae_UCG-014	NA
seq_94	Bacteria	Firmicutes	Clostridia	Clostridiales	Lachnospiraceae	Anaerostipes	hadrus
seq_95	Bacteria	Firmicutes	Clostridia	Clostridiales	Ruminococcaceae	Subdoligranulum	NA
seq_96	Bacteria	Firmicutes	Clostridia	Clostridiales	Ruminococcaceae	Ruminococcaceae_UCG-002	NA
seq_97	Bacteria	Firmicutes	Clostridia	Clostridiales	Lachnospiraceae	Lachnospiraceae_UCG-010	NA
seq_98	Bacteria	Firmicutes	Erysipelotrichia	Erysipelotrichales	Erysipelotrichaceae	Erysipelotrichaceae_UCG-003	NA
seq_99	Bacteria	Firmicutes	Clostridia	Clostridiales	Peptostreptococcaceae	Romboutsia	NA
seq_100	Bacteria	Firmicutes	Clostridia	Clostridiales	Lachnospiraceae	Anaerostipes	NA
seq_101	Bacteria	Bacteroidetes	Bacteroidia	Bacteroidales	Porphyromonadaceae	Parabacteroides	distasonis
seq_102	Bacteria	Firmicutes	Clostridia	Clostridiales	Lachnospiraceae	Coprococcus_2	NA
seq_103	Bacteria	Proteobacteria	Deltaproteobacteria	Desulfovibrionales	Desulfovibrionaceae	Bilophila	NA
seq_104	Bacteria	Bacteroidetes	Bacteroidia	Bacteroidales	Porphyromonadaceae	Parabacteroides	distasonis
seq_105	Bacteria	Firmicutes	Clostridia	Clostridiales	Lachnospiraceae	Lachnospiraceae_NK4A136_group	NA
seq_106	Bacteria	Firmicutes	Clostridia	Clostridiales	Ruminococcaceae	Ruminiclostridium_5	NA
seq_107	Bacteria	Firmicutes	Clostridia	Clostridiales	Lachnospiraceae	Tyzzerella	NA
seq_108	Bacteria	Firmicutes	Clostridia	Clostridiales	Lachnospiraceae	Lachnoclostridium	NA
seq_109	Bacteria	Firmicutes	Clostridia	Clostridiales	Clostridiaceae_1	Clostridium_sensu_stricto_1	NA
seq_110	Bacteria	Bacteroidetes	Bacteroidia	Bacteroidales	Bacteroidaceae	Bacteroides	NA
seq_111	Bacteria	Firmicutes	Negativicutes	Selenomonadales	Veillonellaceae	Megasphaera	NA
seq_112	Bacteria	Firmicutes	Clostridia	Clostridiales	Lachnospiraceae	Dorea	longicatena
seq_113	Bacteria	Firmicutes	Clostridia	Clostridiales	Ruminococcaceae	Ruminococcaceae_UCG-002	NA
seq_114	Bacteria	Firmicutes	Clostridia	Clostridiales	Ruminococcaceae	Ruminococcaceae_UCG-005	NA
seq_115	Bacteria	Firmicutes	Bacilli	Lactobacillales	Streptococcaceae	Streptococcus	NA
seq_116	Bacteria	Bacteroidetes	Bacteroidia	Bacteroidales	Porphyromonadaceae	Odoribacter	splanchnicus
seq_117	Bacteria	Firmicutes	Clostridia	Clostridiales	Christensenellaceae	Christensenellaceae_R-7_group	NA
seq_118	Bacteria	Firmicutes	Bacilli	Bacillales	Bacillaceae	Bacillus	NA
seq_119	Bacteria	Firmicutes	Clostridia	Clostridiales	Lachnospiraceae	Coprococcus_3	comes
seq_120	Bacteria	Proteobacteria	Betaproteobacteria	Burkholderiales	Alcaligenaceae	Sutterella	NA
seq_121	Bacteria	Firmicutes	Clostridia	Clostridiales	Lachnospiraceae	Lachnoclostridium	NA
seq_122	Bacteria	Firmicutes	Erysipelotrichia	Erysipelotrichales	Erysipelotrichaceae	Holdemanella	NA
seq_123	Bacteria	Firmicutes	Clostridia	Clostridiales	Lachnospiraceae	Lachnospiraceae_ND3007_group	NA
seq_124	Bacteria	Proteobacteria	Gammaproteobacteria	Pasteurellales	Pasteurellaceae	Mannheimia	NA
seq_125	Bacteria	Actinobacteria	Actinobacteria	Bifidobacteriales	Bifidobacteriaceae	Bifidobacterium	NA
seq_126	Bacteria	Firmicutes	Clostridia	Clostridiales	Lachnospiraceae	Incertae_Sedis	NA
seq_127	Bacteria	Firmicutes	Clostridia	Clostridiales	Ruminococcaceae	Faecalibacterium	NA
seq_128	Bacteria	Firmicutes	Clostridia	Clostridiales	Ruminococcaceae	Ruminococcus_1	callidus
seq_129	Bacteria	Firmicutes	Clostridia	Clostridiales	Ruminococcaceae	Ruminococcus_2	NA
seq_130	Bacteria	Firmicutes	Clostridia	Clostridiales	Ruminococcaceae	Oscillibacter	NA
seq_131	Bacteria	Firmicutes	Clostridia	Clostridiales	Lachnospiraceae	[Eubacterium]_hallii_group	NA
seq_132	Bacteria	Firmicutes	Clostridia	Clostridiales	Lachnospiraceae	Blautia	stercoris
seq_133	Bacteria	Firmicutes	Clostridia	Clostridiales	Lachnospiraceae	Lachnospiraceae_UCG-001	NA
seq_134	Bacteria	Firmicutes	Clostridia	Clostridiales	Ruminococcaceae	Ruminiclostridium	NA
seq_135	Bacteria	Firmicutes	Clostridia	Clostridiales	Lachnospiraceae	NA	NA
seq_136	Bacteria	Firmicutes	Clostridia	Clostridiales	Ruminococcaceae	Ruminococcaceae_UCG-014	NA
seq_137	Bacteria	Bacteroidetes	Bacteroidia	Bacteroidales	Bacteroidaceae	Bacteroides	NA
seq_138	Bacteria	Bacteroidetes	Bacteroidia	Bacteroidales	Rikenellaceae	Alistipes	finegoldii
seq_139	Bacteria	Bacteroidetes	Bacteroidia	Bacteroidales	Bacteroidaceae	Bacteroides	intestinalis
seq_140	Bacteria	Firmicutes	Clostridia	Clostridiales	Lachnospiraceae	[Eubacterium]_hallii_group	NA
seq_141	Bacteria	Firmicutes	Clostridia	Clostridiales	Clostridiaceae_1	Clostridium_sensu_stricto_15	cochlearium
seq_142	Bacteria	Actinobacteria	Coriobacteriia	Coriobacteriales	Coriobacteriaceae	Collinsella	aerofaciens
seq_143	Bacteria	Firmicutes	Clostridia	Clostridiales	Lachnospiraceae	Blautia	NA
seq_144	Bacteria	Firmicutes	Clostridia	Clostridiales	Lachnospiraceae	Roseburia	NA
seq_145	Bacteria	Firmicutes	Clostridia	Clostridiales	Lachnospiraceae	Fusicatenibacter	NA
seq_146	Bacteria	Bacteroidetes	Bacteroidia	Bacteroidales	Porphyromonadaceae	Parabacteroides	NA
seq_147	Bacteria	Firmicutes	Clostridia	Clostridiales	Lachnospiraceae	Lachnospira	NA
seq_148	Bacteria	Firmicutes	Clostridia	Clostridiales	Lachnospiraceae	[Eubacterium]_hallii_group	NA
seq_149	Bacteria	Firmicutes	Clostridia	Clostridiales	Lachnospiraceae	Dorea	formicigenerans
seq_150	Bacteria	Firmicutes	Clostridia	Clostridiales	Lachnospiraceae	Lachnospiraceae_UCG-004	NA
seq_151	Bacteria	Firmicutes	Negativicutes	Selenomonadales	Acidaminococcaceae	Acidaminococcus	intestini
seq_152	Bacteria	Bacteroidetes	Bacteroidia	Bacteroidales	Rikenellaceae	Alistipes	marseilloanorexicus
seq_153	Bacteria	Proteobacteria	Deltaproteobacteria	Desulfovibrionales	Desulfovibrionaceae	Bilophila	NA
seq_154	Bacteria	Firmicutes	Clostridia	Clostridiales	Lachnospiraceae	Lachnospiraceae_UCG-001	NA
seq_155	Bacteria	Firmicutes	Clostridia	Clostridiales	Lachnospiraceae	Lachnoclostridium	NA
seq_156	Bacteria	Firmicutes	Clostridia	Clostridiales	Lachnospiraceae	Lachnospiraceae_UCG-004	NA
seq_157	Bacteria	Firmicutes	Clostridia	Clostridiales	Lachnospiraceae	Hungatella	NA
seq_158	Bacteria	Firmicutes	Negativicutes	Selenomonadales	Veillonellaceae	Dialister	propionicifaciens
seq_159	Bacteria	Bacteroidetes	Bacteroidia	Bacteroidales	Porphyromonadaceae	Butyricimonas	NA
seq_160	Bacteria	Firmicutes	Clostridia	Clostridiales	Lachnospiraceae	Incertae_Sedis	NA
seq_161	Bacteria	Firmicutes	Clostridia	Clostridiales	Ruminococcaceae	Ruminococcaceae_UCG-003	NA
seq_162	Bacteria	Firmicutes	Clostridia	Clostridiales	Ruminococcaceae	Ruminococcaceae_UCG-014	NA
seq_163	Bacteria	Firmicutes	Clostridia	Clostridiales	Ruminococcaceae	Ruminococcaceae_UCG-014	NA
seq_164	Bacteria	Firmicutes	Clostridia	Clostridiales	Lachnospiraceae	Lachnospira	NA
seq_165	Bacteria	Firmicutes	Negativicutes	Selenomonadales	Veillonellaceae	Veillonella	NA
seq_166	Bacteria	Firmicutes	Clostridia	Clostridiales	Ruminococcaceae	Ruminococcaceae_UCG-005	NA
seq_167	Bacteria	Proteobacteria	Betaproteobacteria	Burkholderiales	Alcaligenaceae	Sutterella	wadsworthensis
seq_168	Bacteria	Proteobacteria	Betaproteobacteria	Burkholderiales	Alcaligenaceae	Parasutterella	NA
seq_169	Bacteria	Firmicutes	Clostridia	Clostridiales	Ruminococcaceae	[Eubacterium]_coprostanoligenes_group	NA
seq_170	Bacteria	Bacteroidetes	Bacteroidia	Bacteroidales	Rikenellaceae	Alistipes	NA
seq_171	Bacteria	Firmicutes	Clostridia	Clostridiales	Lachnospiraceae	Lachnospiraceae_UCG-010	NA
seq_172	Bacteria	Bacteroidetes	Bacteroidia	Bacteroidales	Rikenellaceae	Alistipes	NA
seq_173	Bacteria	Firmicutes	Clostridia	Clostridiales	Family_XI	NA	NA
seq_174	Bacteria	Firmicutes	Clostridia	Clostridiales	Ruminococcaceae	Faecalibacterium	NA
seq_175	Bacteria	Firmicutes	Clostridia	Clostridiales	Ruminococcaceae	Anaerofilum	NA
seq_176	Bacteria	Bacteroidetes	Bacteroidia	Bacteroidales	Porphyromonadaceae	Butyricimonas	faecihominis
seq_177	Bacteria	Firmicutes	Clostridia	Clostridiales	Lachnospiraceae	Roseburia	NA
seq_178	Bacteria	Firmicutes	Clostridia	Clostridiales	Ruminococcaceae	Flavonifractor	NA
seq_179	Bacteria	Firmicutes	Clostridia	Clostridiales	Ruminococcaceae	Oscillospira	NA
seq_180	Bacteria	Firmicutes	Clostridia	Clostridiales	Lachnospiraceae	NA	NA
seq_181	Bacteria	Firmicutes	Clostridia	Clostridiales	Ruminococcaceae	Ruminococcaceae_UCG-010	NA
seq_182	Bacteria	Firmicutes	Erysipelotrichia	Erysipelotrichales	Erysipelotrichaceae	Turicibacter	NA
seq_183	Bacteria	Firmicutes	Clostridia	Clostridiales	Family_XI	Anaerosalibacter	bizertensis
seq_184	Bacteria	Firmicutes	Clostridia	Clostridiales	Lachnospiraceae	Lachnospiraceae_UCG-001	NA
seq_185	Bacteria	Actinobacteria	Actinobacteria	Bifidobacteriales	Bifidobacteriaceae	Bifidobacterium	NA
seq_186	Bacteria	Firmicutes	Clostridia	Clostridiales	Lachnospiraceae	Incertae_Sedis	NA
seq_187	Bacteria	Firmicutes	Clostridia	Clostridiales	Ruminococcaceae	Anaerotruncus	NA
seq_188	Bacteria	Bacteroidetes	Bacteroidia	Bacteroidales	Rikenellaceae	Alistipes	indistinctus
seq_189	Bacteria	Firmicutes	Clostridia	Clostridiales	Ruminococcaceae	Ruminococcaceae_UCG-005	NA
seq_190	Bacteria	Firmicutes	Clostridia	Clostridiales	Lachnospiraceae	Lachnospiraceae_UCG-010	NA
seq_191	Bacteria	Firmicutes	Clostridia	Clostridiales	Lachnospiraceae	Lachnoclostridium	NA
seq_192	Bacteria	Firmicutes	Clostridia	Clostridiales	Lachnospiraceae	[Ruminococcus]_gauvreauii_group	NA
seq_193	Bacteria	Firmicutes	Erysipelotrichia	Erysipelotrichales	Erysipelotrichaceae	Holdemania	NA
seq_194	Bacteria	Firmicutes	Clostridia	Clostridiales	Ruminococcaceae	Ruminococcaceae_UCG-004	NA
seq_195	Bacteria	Proteobacteria	Gammaproteobacteria	Pasteurellales	Pasteurellaceae	Haemophilus	parainfluenzae
seq_196	Bacteria	Firmicutes	Clostridia	Clostridiales	Ruminococcaceae	NA	NA
seq_197	Bacteria	Firmicutes	Clostridia	Clostridiales	Clostridiales_vadinBB60_group	NA	NA
seq_198	Bacteria	Firmicutes	Clostridia	Clostridiales	Ruminococcaceae	Ruminiclostridium_5	NA
seq_199	Bacteria	Bacteroidetes	Bacteroidia	Bacteroidales	Porphyromonadaceae	Butyricimonas	NA
seq_200	Bacteria	Firmicutes	Clostridia	Clostridiales	Ruminococcaceae	Ruminiclostridium_5	NA
seq_201	Bacteria	Firmicutes	Clostridia	Clostridiales	Ruminococcaceae	NA	NA
seq_202	Bacteria	Firmicutes	Clostridia	Clostridiales	Ruminococcaceae	Ruminococcaceae_NK4A214_group	NA
seq_203	Bacteria	Firmicutes	Clostridia	Clostridiales	Ruminococcaceae	Ruminiclostridium_9	NA
seq_204	Bacteria	Firmicutes	Clostridia	Clostridiales	Lachnospiraceae	Coprococcus_1	catus
seq_205	Bacteria	Firmicutes	Clostridia	Clostridiales	Peptococcaceae	NA	NA
seq_206	Bacteria	Firmicutes	Clostridia	Clostridiales	Ruminococcaceae	NA	NA
seq_207	Bacteria	Fusobacteria	Fusobacteriia	Fusobacteriales	Fusobacteriaceae	Fusobacterium	ulcerans
seq_208	Bacteria	Actinobacteria	Actinobacteria	Bifidobacteriales	Bifidobacteriaceae	Bifidobacterium	bifidum
seq_209	Bacteria	Firmicutes	Clostridia	Clostridiales	Lachnospiraceae	Incertae_Sedis	NA
seq_210	Bacteria	Firmicutes	Clostridia	Clostridiales	Ruminococcaceae	Faecalibacterium	NA
seq_211	Bacteria	Firmicutes	Clostridia	Clostridiales	Ruminococcaceae	NA	NA
seq_212	Bacteria	Firmicutes	Clostridia	Clostridiales	Ruminococcaceae	Ruminococcaceae_UCG-014	NA
seq_213	Bacteria	Bacteroidetes	Bacteroidia	Bacteroidales	Bacteroidaceae	Bacteroides	NA
seq_214	Bacteria	Firmicutes	Clostridia	Clostridiales	Ruminococcaceae	Anaerotruncus	NA
seq_215	Bacteria	Firmicutes	Clostridia	Clostridiales	Christensenellaceae	Christensenellaceae_R-7_group	NA
seq_216	Bacteria	Firmicutes	Clostridia	Clostridiales	Ruminococcaceae	Oscillospira	NA
seq_217	Bacteria	Lentisphaerae	Lentisphaeria	Victivallales	Victivallaceae	Victivallis	NA
seq_218	Bacteria	Firmicutes	Clostridia	Clostridiales	Ruminococcaceae	Ruminococcaceae_NK4A214_group	NA
seq_219	Bacteria	Firmicutes	Clostridia	Clostridiales	Lachnospiraceae	NA	NA
seq_220	Bacteria	Firmicutes	Clostridia	Clostridiales	Ruminococcaceae	NA	NA
seq_221	Bacteria	Bacteroidetes	Bacteroidia	Bacteroidales	Porphyromonadaceae	Parabacteroides	NA
seq_222	Bacteria	Actinobacteria	Coriobacteriia	Coriobacteriales	Coriobacteriaceae	Senegalimassilia	anaerobia
seq_223	Bacteria	Bacteroidetes	Bacteroidia	Bacteroidales	Bacteroidaceae	Bacteroides	nordii
seq_224	Bacteria	Firmicutes	Clostridia	Clostridiales	Ruminococcaceae	Ruminococcaceae_UCG-005	NA
seq_225	Bacteria	Firmicutes	Clostridia	Clostridiales	Lachnospiraceae	NA	NA
seq_226	Bacteria	Firmicutes	Clostridia	Clostridiales	Family_XI	Peptoniphilus	NA
seq_227	Bacteria	Firmicutes	Clostridia	Clostridiales	Lachnospiraceae	Lachnospiraceae_NK4A136_group	NA
seq_228	Bacteria	Bacteroidetes	Bacteroidia	Bacteroidales	Rikenellaceae	Alistipes	massiliensis
seq_229	Bacteria	Firmicutes	Clostridia	Clostridiales	Ruminococcaceae	Ruminiclostridium_5	NA
seq_230	Bacteria	Firmicutes	Clostridia	Clostridiales	Ruminococcaceae	Ruminiclostridium	NA
seq_231	Bacteria	Firmicutes	Clostridia	Clostridiales	Peptococcaceae	NA	NA
seq_232	Bacteria	Firmicutes	Clostridia	Clostridiales	Lachnospiraceae	Lachnoclostridium	NA
seq_233	Bacteria	Firmicutes	Clostridia	Clostridiales	Ruminococcaceae	NA	NA
seq_234	Bacteria	Firmicutes	Clostridia	Clostridiales	Ruminococcaceae	Ruminococcaceae_NK4A214_group	NA
seq_235	Bacteria	Firmicutes	Clostridia	Clostridiales	Ruminococcaceae	Ruminococcus_1	bicirculans
seq_236	Bacteria	Firmicutes	Clostridia	Clostridiales	Ruminococcaceae	Intestinimonas	NA
seq_237	Bacteria	Firmicutes	Clostridia	Clostridiales	Lachnospiraceae	Lachnoclostridium	NA
seq_238	Bacteria	Firmicutes	Clostridia	Clostridiales	Lachnospiraceae	Lachnoclostridium	NA
seq_239	Bacteria	Firmicutes	Clostridia	Clostridiales	Lachnospiraceae	[Eubacterium]_ventriosum_group	NA
seq_240	Bacteria	Firmicutes	Clostridia	Clostridiales	Ruminococcaceae	Anaerotruncus	NA
seq_241	Bacteria	Firmicutes	Clostridia	Clostridiales	Lachnospiraceae	Lachnospiraceae_UCG-010	NA
seq_242	Bacteria	Bacteroidetes	Bacteroidia	Bacteroidales	Porphyromonadaceae	Barnesiella	NA
seq_243	Bacteria	Bacteroidetes	Bacteroidia	Bacteroidales	Bacteroidaceae	Bacteroides	NA
seq_244	Bacteria	Firmicutes	Bacilli	Lactobacillales	Enterococcaceae	Enterococcus	NA
seq_245	Bacteria	Firmicutes	Clostridia	Clostridiales	Clostridiales_vadinBB60_group	NA	NA
seq_246	Bacteria	Firmicutes	Clostridia	Clostridiales	Lachnospiraceae	Lachnospiraceae_UCG-010	NA
seq_247	Bacteria	Proteobacteria	Deltaproteobacteria	Desulfovibrionales	Desulfovibrionaceae	Desulfovibrio	NA
seq_248	Bacteria	Firmicutes	Clostridia	Clostridiales	Lachnospiraceae	NA	NA
seq_249	Bacteria	Firmicutes	Clostridia	Clostridiales	Lachnospiraceae	Lachnoclostridium	NA
seq_250	Bacteria	Firmicutes	Clostridia	Clostridiales	Ruminococcaceae	Subdoligranulum	NA
seq_251	Bacteria	Firmicutes	Clostridia	Clostridiales	Ruminococcaceae	Ruminiclostridium_5	NA
seq_252	Bacteria	Firmicutes	Clostridia	Clostridiales	Ruminococcaceae	Ruminococcaceae_UCG-009	NA
seq_253	Bacteria	Firmicutes	Clostridia	Clostridiales	Family_XI	Anaerococcus	vaginalis
seq_254	Bacteria	Firmicutes	Clostridia	Clostridiales	Lachnospiraceae	Tyzzerella	NA
seq_255	Bacteria	Firmicutes	Clostridia	Thermoanaerobacterales	Thermoanaerobacteraceae	Gelria	NA
seq_256	Bacteria	Firmicutes	Clostridia	Clostridiales	Lachnospiraceae	NA	NA
seq_257	Bacteria	Firmicutes	Clostridia	Clostridiales	Ruminococcaceae	Flavonifractor	NA
seq_258	Bacteria	Firmicutes	Clostridia	Clostridiales	Lachnospiraceae	Lachnospiraceae_UCG-001	NA
seq_259	Bacteria	Bacteroidetes	Bacteroidia	Bacteroidales	Porphyromonadaceae	Barnesiella	NA
seq_260	Bacteria	Firmicutes	Clostridia	Clostridiales	Peptococcaceae	Peptococcus	niger
seq_261	Bacteria	Firmicutes	Clostridia	Clostridiales	Lachnospiraceae	Lachnospiraceae_FCS020_group	NA
seq_262	Bacteria	Firmicutes	Clostridia	Clostridiales	Peptococcaceae	NA	NA
seq_263	Bacteria	Proteobacteria	Epsilonproteobacteria	Campylobacterales	Campylobacteraceae	Campylobacter	ureolyticus
seq_264	Bacteria	Firmicutes	Clostridia	Clostridiales	Ruminococcaceae	Oscillospira	NA
seq_265	Bacteria	Firmicutes	Erysipelotrichia	Erysipelotrichales	Erysipelotrichaceae	Turicibacter	sanguinis
seq_266	Bacteria	Firmicutes	Clostridia	Clostridiales	Lachnospiraceae	Coprococcus_1	NA
seq_267	Bacteria	Firmicutes	Clostridia	Clostridiales	Clostridiaceae_1	Clostridium_sensu_stricto_1	NA
seq_268	Bacteria	Firmicutes	Bacilli	Lactobacillales	Streptococcaceae	Streptococcus	NA
seq_269	Bacteria	Firmicutes	Clostridia	Clostridiales	Family_XIII	Family_XIII_AD3011_group	NA
seq_270	Bacteria	Firmicutes	Erysipelotrichia	Erysipelotrichales	Erysipelotrichaceae	Incertae_Sedis	NA
seq_271	Bacteria	Bacteroidetes	Bacteroidia	Bacteroidales	Porphyromonadaceae	Butyricimonas	paravirosa
seq_272	Bacteria	Firmicutes	Clostridia	Clostridiales	Lachnospiraceae	Moryella	indoligenes
seq_273	Bacteria	Firmicutes	Bacilli	Lactobacillales	Streptococcaceae	Streptococcus	NA
seq_274	Bacteria	Firmicutes	Clostridia	Clostridiales	Christensenellaceae	Christensenellaceae_R-7_group	NA
seq_275	Bacteria	Firmicutes	Clostridia	Clostridiales	Ruminococcaceae	Fastidiosipila	NA
seq_276	Bacteria	Firmicutes	Clostridia	Clostridiales	Lachnospiraceae	Incertae_Sedis	NA
seq_277	Bacteria	Firmicutes	Erysipelotrichia	Erysipelotrichales	Erysipelotrichaceae	Incertae_Sedis	NA
seq_278	Bacteria	Firmicutes	Clostridia	Clostridiales	Lachnospiraceae	Hungatella	NA
seq_279	Bacteria	Firmicutes	Clostridia	Clostridiales	Lachnospiraceae	Lachnospiraceae_UCG-005	NA
seq_280	Bacteria	Firmicutes	Clostridia	Clostridiales	Family_XI	Peptoniphilus	lacrimalis
seq_281	Bacteria	Firmicutes	Clostridia	Clostridiales	Family_XIII	Family_XIII_UCG-001	NA
seq_282	Bacteria	Firmicutes	Clostridia	Clostridiales	Family_XIII	Family_XIII_AD3011_group	NA
seq_283	Bacteria	Firmicutes	Clostridia	Clostridiales	Lachnospiraceae	Lachnospiraceae_UCG-004	NA
seq_284	Bacteria	Firmicutes	Clostridia	Clostridiales	Ruminococcaceae	NA	NA
seq_285	Bacteria	Firmicutes	Clostridia	Clostridiales	Christensenellaceae	NA	NA
seq_286	Bacteria	Actinobacteria	Actinobacteria	Bifidobacteriales	Bifidobacteriaceae	Bifidobacterium	NA
seq_287	Bacteria	Bacteroidetes	Bacteroidia	Bacteroidales	Bacteroidaceae	Bacteroides	NA
seq_288	Bacteria	Firmicutes	Clostridia	Clostridiales	Ruminococcaceae	Anaerotruncus	NA
seq_289	Bacteria	Firmicutes	Clostridia	Clostridiales	Christensenellaceae	NA	NA
seq_290	Bacteria	Proteobacteria	Epsilonproteobacteria	Campylobacterales	Campylobacteraceae	Campylobacter	NA
seq_291	Bacteria	Firmicutes	Clostridia	Clostridiales	Ruminococcaceae	Ruminococcaceae_UCG-005	NA
seq_292	Bacteria	Firmicutes	Clostridia	Clostridiales	Lachnospiraceae	Anaerostipes	NA
seq_293	Bacteria	NA	NA	NA	NA	NA	NA
seq_294	Bacteria	Firmicutes	Clostridia	Clostridiales	Ruminococcaceae	Ruminiclostridium_5	NA
seq_295	Bacteria	Firmicutes	Clostridia	Clostridiales	Clostridiales_vadinBB60_group	NA	NA
seq_296	Bacteria	Firmicutes	Erysipelotrichia	Erysipelotrichales	Erysipelotrichaceae	NA	NA
seq_297	Bacteria	Firmicutes	Erysipelotrichia	Erysipelotrichales	Erysipelotrichaceae	Faecalitalea	NA
seq_298	Bacteria	Firmicutes	Clostridia	Clostridiales	Ruminococcaceae	Flavonifractor	NA
seq_299	Bacteria	Firmicutes	Clostridia	Clostridiales	Ruminococcaceae	Pseudoflavonifractor	capillosus
seq_300	Bacteria	Synergistetes	Synergistia	Synergistales	Synergistaceae	Cloacibacillus	evryensis
seq_301	Bacteria	Bacteroidetes	Bacteroidia	Bacteroidales	Bacteroidaceae	Bacteroides	NA
seq_302	Bacteria	Firmicutes	Erysipelotrichia	Erysipelotrichales	Erysipelotrichaceae	Holdemania	filiformis
seq_303	Bacteria	NA	NA	NA	NA	NA	NA
seq_304	Bacteria	Firmicutes	Clostridia	Clostridiales	Lachnospiraceae	Lachnoclostridium	NA
seq_305	Bacteria	Firmicutes	Clostridia	Clostridiales	Lachnospiraceae	Lachnospiraceae_ND3007_group	NA
seq_306	Bacteria	Firmicutes	Negativicutes	Selenomonadales	Veillonellaceae	Veillonella	NA
seq_307	Bacteria	Firmicutes	Clostridia	Clostridiales	Christensenellaceae	NA	NA
seq_308	Bacteria	Firmicutes	Clostridia	Clostridiales	Ruminococcaceae	Candidatus_Soleaferrea	NA
seq_309	Bacteria	Firmicutes	Clostridia	Clostridiales	Ruminococcaceae	Ruminococcaceae_UCG-010	NA
seq_310	Bacteria	Bacteroidetes	Bacteroidia	Bacteroidales	Porphyromonadaceae	Butyricimonas	NA
seq_311	Bacteria	Firmicutes	Clostridia	Clostridiales	Ruminococcaceae	Ruminiclostridium	NA
seq_312	Bacteria	Firmicutes	Clostridia	Clostridiales	Ruminococcaceae	Ruminiclostridium_5	NA
seq_313	Bacteria	Firmicutes	Clostridia	Clostridiales	Lachnospiraceae	Lachnospiraceae_UCG-001	NA
seq_314	Bacteria	Actinobacteria	Actinobacteria	Bifidobacteriales	Bifidobacteriaceae	Bifidobacterium	NA
seq_315	Bacteria	Firmicutes	Clostridia	Clostridiales	Ruminococcaceae	Ruminiclostridium_5	NA
seq_316	Bacteria	Actinobacteria	Coriobacteriia	Coriobacteriales	Coriobacteriaceae	Eggerthella	lenta
seq_317	Bacteria	Firmicutes	Clostridia	Clostridiales	Ruminococcaceae	Ruminococcaceae_UCG-008	NA
seq_318	Bacteria	Actinobacteria	Coriobacteriia	Coriobacteriales	Coriobacteriaceae	Adlercreutzia	NA
seq_319	Bacteria	Firmicutes	Clostridia	Clostridiales	Ruminococcaceae	Ruminococcaceae_UCG-005	NA
seq_320	Bacteria	Bacteroidetes	Bacteroidia	Bacteroidales	Prevotellaceae	Prevotella_6	corporis
seq_321	Bacteria	Firmicutes	Clostridia	Clostridiales	Ruminococcaceae	NA	NA
seq_322	Bacteria	Firmicutes	Clostridia	Clostridiales	Ruminococcaceae	NA	NA
seq_323	Bacteria	Firmicutes	Clostridia	Clostridiales	Family_XI	Finegoldia	magna
seq_324	Bacteria	Cyanobacteria	Chloroplast	NA	NA	NA	NA
seq_325	Bacteria	Firmicutes	Clostridia	Clostridiales	Ruminococcaceae	Ruminiclostridium_9	NA
seq_326	Bacteria	Firmicutes	Clostridia	Clostridiales	Peptostreptococcaceae	Romboutsia	NA
seq_327	Bacteria	Bacteroidetes	Bacteroidia	Bacteroidales	Porphyromonadaceae	Parabacteroides	goldsteinii
seq_328	Bacteria	Firmicutes	Clostridia	Clostridiales	Ruminococcaceae	Ruminiclostridium_5	NA
seq_329	Bacteria	Firmicutes	Erysipelotrichia	Erysipelotrichales	Erysipelotrichaceae	Dielma	fastidiosa
seq_330	Bacteria	Firmicutes	Bacilli	Lactobacillales	Streptococcaceae	Streptococcus	NA
seq_331	Bacteria	Firmicutes	Erysipelotrichia	Erysipelotrichales	Erysipelotrichaceae	Incertae_Sedis	NA
seq_332	Bacteria	Firmicutes	Clostridia	Clostridiales	Lachnospiraceae	NA	NA
seq_333	Bacteria	Firmicutes	Erysipelotrichia	Erysipelotrichales	Erysipelotrichaceae	Incertae_Sedis	NA
seq_334	Bacteria	Firmicutes	Clostridia	Clostridiales	Family_XI	Ezakiella	NA
seq_335	Bacteria	Proteobacteria	Deltaproteobacteria	Desulfovibrionales	Desulfovibrionaceae	Desulfovibrio	fairfieldensis
seq_336	Bacteria	Firmicutes	Clostridia	Clostridiales	Ruminococcaceae	Ruminiclostridium_5	NA
seq_337	Bacteria	Firmicutes	Clostridia	Clostridiales	Ruminococcaceae	Ruminiclostridium_5	NA
seq_338	Bacteria	Firmicutes	Clostridia	Clostridiales	Family_XI	Peptoniphilus	NA
seq_339	Bacteria	Firmicutes	Clostridia	Clostridiales	Family_XI	Peptoniphilus	NA
seq_340	Bacteria	Firmicutes	Clostridia	Clostridiales	Lachnospiraceae	Tyzzerella_3	NA
seq_341	Bacteria	Firmicutes	Clostridia	Clostridiales	Lachnospiraceae	Blautia	NA
seq_342	Bacteria	Firmicutes	Clostridia	Clostridiales	Ruminococcaceae	Ruminococcaceae_UCG-008	NA
seq_343	Bacteria	Firmicutes	Erysipelotrichia	Erysipelotrichales	Erysipelotrichaceae	Holdemania	NA
seq_344	Bacteria	Firmicutes	Erysipelotrichia	Erysipelotrichales	Erysipelotrichaceae	Erysipelotrichaceae_UCG-003	NA
seq_345	Bacteria	Firmicutes	Clostridia	Clostridiales	Ruminococcaceae	Ruminococcaceae_UCG-009	NA
seq_346	Bacteria	Firmicutes	Clostridia	Clostridiales	Lachnospiraceae	NA	NA
seq_347	Bacteria	Firmicutes	Clostridia	Clostridiales	Ruminococcaceae	Anaerotruncus	NA
seq_348	Eukaryota	NA	NA	NA	NA	NA	NA
seq_349	Bacteria	Actinobacteria	Coriobacteriia	Coriobacteriales	Coriobacteriaceae	NA	NA
seq_350	Bacteria	Synergistetes	Synergistia	Synergistales	Synergistaceae	Pyramidobacter	piscolens
seq_351	Bacteria	Firmicutes	Erysipelotrichia	Erysipelotrichales	Erysipelotrichaceae	Faecalitalea	NA
seq_352	Bacteria	Bacteroidetes	Bacteroidia	Bacteroidales	Bacteroidaceae	Bacteroides	NA
seq_353	Bacteria	Firmicutes	Clostridia	Clostridiales	Family_XI	Tepidimicrobium	NA
seq_354	Bacteria	Bacteroidetes	Bacteroidia	Bacteroidales	Prevotellaceae	Prevotella	buccalis
seq_355	Bacteria	Firmicutes	Clostridia	Clostridiales	Family_XI	Murdochiella	NA
seq_356	Bacteria	Proteobacteria	Betaproteobacteria	Burkholderiales	Alcaligenaceae	Parasutterella	NA
seq_357	Bacteria	Bacteroidetes	Bacteroidia	Bacteroidales	Porphyromonadaceae	Odoribacter	NA
seq_358	Bacteria	Firmicutes	Erysipelotrichia	Erysipelotrichales	Erysipelotrichaceae	Erysipelatoclostridium	NA
seq_359	Bacteria	Firmicutes	Clostridia	Clostridiales	Ruminococcaceae	Ruminiclostridium_9	NA
seq_360	Bacteria	Firmicutes	Clostridia	Clostridiales	Ruminococcaceae	Oscillibacter	NA
seq_361	Bacteria	Firmicutes	Clostridia	Clostridiales	Ruminococcaceae	Hydrogenoanaerobacterium	NA
seq_362	Bacteria	Firmicutes	Negativicutes	Selenomonadales	Veillonellaceae	Veillonella	NA
seq_363	Bacteria	Firmicutes	Clostridia	Clostridiales	Clostridiales_vadinBB60_group	NA	NA
seq_364	Bacteria	Firmicutes	Clostridia	Clostridiales	Ruminococcaceae	Anaerotruncus	NA
seq_365	Bacteria	Firmicutes	Erysipelotrichia	Erysipelotrichales	Erysipelotrichaceae	NA	NA
seq_366	Bacteria	Firmicutes	Clostridia	Clostridiales	Lachnospiraceae	[Eubacterium]_ventriosum_group	NA
seq_367	Bacteria	Firmicutes	Clostridia	Clostridiales	Family_XI	Peptoniphilus	massiliensis
seq_368	Bacteria	Firmicutes	Clostridia	Clostridiales	Ruminococcaceae	Ruminococcaceae_UCG-005	NA
seq_369	Bacteria	Firmicutes	Clostridia	Clostridiales	Family_XI	Anaerococcus	murdochii
seq_370	Bacteria	Firmicutes	Clostridia	Clostridiales	Ruminococcaceae	Ruminiclostridium_5	NA
seq_371	Bacteria	Bacteroidetes	Bacteroidia	Bacteroidales	Rikenellaceae	Alistipes	NA
seq_372	Bacteria	Actinobacteria	Actinobacteria	Bifidobacteriales	Bifidobacteriaceae	Bifidobacterium	NA
seq_373	Bacteria	Firmicutes	Clostridia	Clostridiales	Peptococcaceae	Peptococcus	NA
seq_374	Bacteria	Firmicutes	Clostridia	Clostridiales	Lachnospiraceae	NA	NA
seq_375	Bacteria	Firmicutes	Bacilli	Lactobacillales	Streptococcaceae	Streptococcus	NA
seq_376	Bacteria	Firmicutes	Clostridia	Clostridiales	Ruminococcaceae	Acetanaerobacterium	NA
seq_377	Bacteria	Proteobacteria	Gammaproteobacteria	Enterobacteriales	Enterobacteriaceae	Klebsiella	NA
seq_378	Bacteria	Firmicutes	Clostridia	Clostridiales	Lachnospiraceae	Lachnospiraceae_NK4A136_group	NA
seq_379	Bacteria	Firmicutes	Clostridia	Clostridiales	Ruminococcaceae	Fastidiosipila	NA
seq_380	Bacteria	Firmicutes	Clostridia	Clostridiales	Ruminococcaceae	Ruminococcaceae_UCG-004	NA
seq_381	Bacteria	Firmicutes	Clostridia	Clostridiales	Ruminococcaceae	Ruminococcaceae_UCG-009	NA
seq_382	Bacteria	Firmicutes	Clostridia	Clostridiales	Clostridiales_vadinBB60_group	NA	NA
seq_383	Bacteria	Firmicutes	Clostridia	Clostridiales	Lachnospiraceae	Lachnospiraceae_UCG-001	NA
seq_384	Bacteria	Firmicutes	Clostridia	Clostridiales	Ruminococcaceae	Ruminococcaceae_UCG-005	NA
seq_385	Bacteria	Firmicutes	Clostridia	Clostridiales	Lachnospiraceae	NA	NA
seq_386	Bacteria	Firmicutes	Clostridia	Clostridiales	Eubacteriaceae	Eubacterium	NA
seq_387	Bacteria	Firmicutes	Clostridia	Clostridiales	Lachnospiraceae	Lachnospiraceae_UCG-004	NA
seq_388	Bacteria	Firmicutes	Clostridia	Clostridiales	Ruminococcaceae	Anaerotruncus	colihominis
seq_389	Bacteria	Firmicutes	Clostridia	Clostridiales	Ruminococcaceae	Ruminiclostridium_5	NA
seq_390	Bacteria	Firmicutes	Clostridia	Clostridiales	Family_XI	Anaerosalibacter	NA
seq_391	Bacteria	Firmicutes	Clostridia	Clostridiales	Clostridiales_vadinBB60_group	NA	NA
seq_392	Bacteria	Firmicutes	Clostridia	Clostridiales	Ruminococcaceae	Anaerotruncus	NA
seq_393	Bacteria	Actinobacteria	Coriobacteriia	Coriobacteriales	Coriobacteriaceae	Eggerthella	lenta
seq_394	Bacteria	Firmicutes	Clostridia	Clostridiales	Clostridiaceae_1	Clostridium_sensu_stricto_18	NA
seq_395	Bacteria	Firmicutes	Clostridia	Clostridiales	Lachnospiraceae	Roseburia	NA
seq_396	Bacteria	Firmicutes	Clostridia	Clostridiales	Ruminococcaceae	Ruminiclostridium	NA
seq_397	Bacteria	Proteobacteria	Gammaproteobacteria	Pasteurellales	Pasteurellaceae	NA	NA
seq_398	Bacteria	Firmicutes	Clostridia	Clostridiales	Ruminococcaceae	Fastidiosipila	NA
seq_399	Bacteria	Firmicutes	Clostridia	Clostridiales	Ruminococcaceae	Anaerotruncus	NA
seq_400	Bacteria	Firmicutes	Clostridia	Clostridiales	Ruminococcaceae	Fastidiosipila	NA
seq_401	Bacteria	Firmicutes	Clostridia	Clostridiales	Peptostreptococcaceae	Intestinibacter	NA
seq_402	Bacteria	Firmicutes	Erysipelotrichia	Erysipelotrichales	Erysipelotrichaceae	Erysipelatoclostridium	NA
seq_403	Bacteria	Firmicutes	Clostridia	Clostridiales	Ruminococcaceae	NA	NA
seq_404	Bacteria	Bacteroidetes	Bacteroidia	Bacteroidales	Porphyromonadaceae	Butyricimonas	NA
seq_405	Bacteria	Firmicutes	Clostridia	Clostridiales	NA	NA	NA
seq_406	Bacteria	Actinobacteria	Coriobacteriia	Coriobacteriales	Coriobacteriaceae	NA	NA
seq_407	Bacteria	Lentisphaerae	Lentisphaeria	Victivallales	Victivallaceae	Victivallis	NA
seq_408	Bacteria	Bacteroidetes	Bacteroidia	Bacteroidales	Porphyromonadaceae	Odoribacter	NA
seq_409	Bacteria	Firmicutes	Clostridia	Clostridiales	NA	NA	NA
seq_410	Bacteria	Bacteroidetes	Bacteroidia	Bacteroidales	Prevotellaceae	Prevotella	bivia
seq_411	Bacteria	Synergistetes	Synergistia	Synergistales	Synergistaceae	Cloacibacillus	NA
seq_412	Bacteria	Firmicutes	Clostridia	Clostridiales	Family_XI	Anaerococcus	NA
seq_413	Bacteria	Actinobacteria	Coriobacteriia	Coriobacteriales	Coriobacteriaceae	Collinsella	NA
seq_414	Bacteria	Firmicutes	Clostridia	Clostridiales	Family_XI	Murdochiella	NA
seq_415	Bacteria	Firmicutes	Clostridia	Clostridiales	Lachnospiraceae	NA	NA
seq_416	Bacteria	Firmicutes	Negativicutes	Selenomonadales	Veillonellaceae	Veillonella	NA
seq_417	Bacteria	Firmicutes	Clostridia	Clostridiales	Ruminococcaceae	Anaerofilum	NA
seq_418	Bacteria	Firmicutes	Clostridia	Clostridiales	Family_XIII	Family_XIII_AD3011_group	NA
seq_419	Bacteria	Firmicutes	Erysipelotrichia	Erysipelotrichales	Erysipelotrichaceae	Holdemania	NA
seq_420	Bacteria	Firmicutes	Clostridia	Clostridiales	Ruminococcaceae	Anaerotruncus	NA
seq_421	Bacteria	Firmicutes	Clostridia	Clostridiales	Ruminococcaceae	Ruminiclostridium_9	NA
seq_422	Bacteria	Firmicutes	Clostridia	Clostridiales	Ruminococcaceae	Candidatus_Soleaferrea	NA
seq_423	Bacteria	Bacteroidetes	Bacteroidia	Bacteroidales	Porphyromonadaceae	Porphyromonas	asaccharolytica
seq_424	Bacteria	Firmicutes	Clostridia	Clostridiales	Lachnospiraceae	Moryella	NA
seq_425	Bacteria	Bacteroidetes	Bacteroidia	Bacteroidales	Rikenellaceae	Alistipes	NA
seq_426	Bacteria	Bacteroidetes	Bacteroidia	Bacteroidales	Bacteroidaceae	Bacteroides	clarus
seq_427	Bacteria	Proteobacteria	Gammaproteobacteria	Pasteurellales	Pasteurellaceae	Haemophilus	NA
seq_428	Bacteria	Proteobacteria	Gammaproteobacteria	Enterobacteriales	Enterobacteriaceae	NA	NA
seq_429	Bacteria	Firmicutes	Clostridia	Clostridiales	Clostridiaceae_1	Clostridium_sensu_stricto_1	NA
seq_430	Bacteria	Firmicutes	Clostridia	Clostridiales	Ruminococcaceae	Ruminiclostridium_9	NA
seq_431	Bacteria	Firmicutes	Clostridia	Clostridiales	Ruminococcaceae	Candidatus_Soleaferrea	NA
seq_432	Bacteria	Firmicutes	Clostridia	Clostridiales	Family_XI	Peptoniphilus	duerdenii
seq_433	Bacteria	Firmicutes	Clostridia	Clostridiales	Ruminococcaceae	Candidatus_Soleaferrea	NA
seq_434	Bacteria	Bacteroidetes	Bacteroidia	Bacteroidales	Rikenellaceae	Alistipes	NA
seq_435	Bacteria	Firmicutes	Bacilli	Bacillales	Family_XI	Gemella	NA
seq_436	Bacteria	Firmicutes	Clostridia	Clostridiales	Lachnospiraceae	Lachnospiraceae_FCS020_group	NA
seq_437	Bacteria	Firmicutes	Clostridia	Clostridiales	Ruminococcaceae	Anaerotruncus	NA
seq_438	Bacteria	Bacteroidetes	Bacteroidia	Bacteroidales	Porphyromonadaceae	Porphyromonas	NA
seq_439	Bacteria	Bacteroidetes	Bacteroidia	Bacteroidales	Rikenellaceae	Alistipes	NA
seq_440	Bacteria	Firmicutes	Erysipelotrichia	Erysipelotrichales	Erysipelotrichaceae	NA	NA
seq_441	Bacteria	Actinobacteria	Actinobacteria	Micrococcales	Micrococcaceae	Rothia	mucilaginosa
seq_442	Bacteria	Firmicutes	Clostridia	Clostridiales	Ruminococcaceae	Ruminiclostridium_5	NA
seq_443	Bacteria	Firmicutes	Bacilli	Lactobacillales	Streptococcaceae	Lactococcus	NA
seq_444	Bacteria	Firmicutes	Negativicutes	Selenomonadales	Veillonellaceae	Veillonella	NA
seq_445	Bacteria	Firmicutes	Clostridia	Clostridiales	Family_XI	Finegoldia	NA
seq_446	Bacteria	Firmicutes	Clostridia	Clostridiales	Ruminococcaceae	Ruminococcaceae_UCG-013	NA
seq_447	Bacteria	Firmicutes	Clostridia	Clostridiales	Ruminococcaceae	NA	NA
seq_448	Bacteria	Fusobacteria	Fusobacteriia	Fusobacteriales	Fusobacteriaceae	Fusobacterium	NA
seq_449	Bacteria	Bacteroidetes	Bacteroidia	Bacteroidales	Porphyromonadaceae	Porphyromonas	NA
seq_450	Bacteria	Firmicutes	Clostridia	Clostridiales	Christensenellaceae	NA	NA
seq_451	Bacteria	Cyanobacteria	Chloroplast	NA	NA	NA	NA
seq_452	Bacteria	Firmicutes	Clostridia	Clostridiales	Ruminococcaceae	Candidatus_Soleaferrea	NA
seq_453	Bacteria	Firmicutes	Clostridia	Clostridiales	Peptococcaceae	NA	NA
seq_454	Bacteria	Actinobacteria	Coriobacteriia	Coriobacteriales	Coriobacteriaceae	Olsenella	NA
seq_455	Bacteria	Actinobacteria	Coriobacteriia	Coriobacteriales	Coriobacteriaceae	Coriobacteriaceae_UCG-002	NA
seq_456	Bacteria	NA	NA	NA	NA	NA	NA
seq_457	Bacteria	Actinobacteria	Actinobacteria	Micrococcales	Micrococcaceae	Rothia	mucilaginosa
seq_458	Bacteria	Firmicutes	Erysipelotrichia	Erysipelotrichales	Erysipelotrichaceae	Turicibacter	NA
seq_459	Bacteria	Firmicutes	Negativicutes	Selenomonadales	Veillonellaceae	Dialister	invisus
seq_460	Bacteria	Bacteroidetes	Bacteroidia	Bacteroidales	Porphyromonadaceae	Porphyromonas	NA
seq_461	Bacteria	Fusobacteria	Fusobacteriia	Fusobacteriales	Fusobacteriaceae	Fusobacterium	NA
seq_462	Bacteria	Firmicutes	Clostridia	Clostridiales	Ruminococcaceae	NA	NA
seq_463	Bacteria	Verrucomicrobia	Verrucomicrobiae	Verrucomicrobiales	Verrucomicrobiaceae	Akkermansia	NA
seq_464	Bacteria	Firmicutes	Clostridia	Clostridiales	Ruminococcaceae	Intestinimonas	NA
seq_465	Bacteria	Fusobacteria	Fusobacteriia	Fusobacteriales	Fusobacteriaceae	Fusobacterium	NA
seq_466	Bacteria	Actinobacteria	Actinobacteria	Corynebacteriales	Corynebacteriaceae	NA	NA
seq_467	Bacteria	Firmicutes	Clostridia	Clostridiales	Ruminococcaceae	NA	NA
